group	x	y
1	0	-3.19176535584325
1	0.301029995663981	-3.25075116770645
1	0.602059991327962	-3.15424759125968
1	0.903089986991944	-3.12427739174989
1	1.20411998265592	-2.78979645430387
1	1.50514997831991	-2.85068972212151
1	1.80617997398389	-2.491538741253
1	2.10720996964787	-2.51729372683434
1	2.40823996531185	-2.24766815845431
1	2.70926996097583	-1.92180530409897
1	3.01029995663981	-1.69056761022705
1	3.31132995230379	-1.26698181950427
1	3.61235994796777	-1.09190204863629
1	3.91338994363176	-0.791532145900885
2	0	-3.73390798500082
2	0.301029995663981	-3.66284135189053
2	0.602059991327962	-3.62521944242474
2	0.903089986991944	-3.47651232975249
2	1.20411998265592	-3.25794012019088
2	1.50514997831991	-3.06442901974991
2	1.80617997398389	-2.84914273875355
2	2.10720996964787	-2.57449828607921
2	2.40823996531185	-2.30160211815353
2	2.70926996097583	-2.00740956798163
2	3.01029995663981	-1.54607041558024
2	3.31132995230379	-1.40387034532718
2	3.61235994796777	-1.09246568084696
2	3.91338994363176	-0.781298902083283
3	0	-3.64924440183087
3	0.301029995663981	-3.69591036710865
3	0.602059991327962	-3.59069167263164
3	0.903089986991944	-3.44379279189119
3	1.20411998265592	-3.18005751145576
3	1.50514997831991	-2.75278299119207
3	1.80617997398389	-2.76392043274904
3	2.10720996964787	-2.48564546589728
3	2.40823996531185	-2.19007731018214
3	2.70926996097583	-1.89327244993749
3	3.01029995663981	-1.32606095052621
3	3.31132995230379	-1.26832351946829
3	3.61235994796777	-0.988198534648731
