xintercept	key	showSelected1
3.61235994796777	1	run1 v1.14.8 v1.18.6 1685a3b47d48f323afeae589545f7cbb7717ec28
3.61235994796777	1	run1 v1.14.8 v1.18.6 263b53e50241914a22f7ba6a139b52162c9d7927
3.61235994796777	1	run1 v1.14.8 v1.18.6 32e5aea1681398335f1bcedb4fe1563906701634
3.61235994796777	1	run1 v1.14.8 v1.18.6 67db7f7fb33b99da8cc5dc575714924b96d0f0fe
3.61235994796777	1	run1 v1.14.8 v1.18.6 681e0cb368d6be5ea5f4c77a6aaa1bb9e4cef065
3.61235994796777	1	run1 v1.14.8 v1.18.6 bc7f5aff76188a0cbc31a21a21926ab4c184cb52
3.61235994796777	1	run1 v1.14.8 v1.18.6 c1bcb73829afd84df619c446f95f08d9da5e56e9
3.61235994796777	1	run1 v1.14.8 v1.18.6 c26450af1d7b2381844d003867fd7f20a25ec8d0
3.61235994796777	1	run1 v1.14.8 v1.18.6 cd497408bb4dc6650d871b5076e738420ff431d7
3.61235994796777	1	run1 v1.14.8 v1.18.6 f1aab37322a229b611544205e7da8c17435561cf
3.61235994796777	1	run1 v1.14.8 v1.18.6 f6bbd5b3073526e554ad07bc9b0a346d72ad4e3a
3.61235994796777	1	run2a intermediate v1.18.6 22045e5ef8f46066619823d42ea83253f165ea7d
3.61235994796777	1	run2a intermediate v1.18.6 263b53e50241914a22f7ba6a139b52162c9d7927
3.61235994796777	1	run2a intermediate v1.18.6 3ad93f77a6f0b0e82cbf2b639f5d749dd06a122d
3.91338994363176	1	run2a intermediate v1.18.6 4f84d3c72a08ecdd9965b3cb8e493cabfd80492b
3.61235994796777	1	run2a intermediate v1.18.6 55b0de600d1770babe63d94ad3766a36bdedc443
3.91338994363176	1	run2a intermediate v1.18.6 59f966cf6839a0494e42ed1ab98616eea03dcb36
3.61235994796777	1	run2a intermediate v1.18.6 66cb6d2393cef30083b444346a7600a079207806
3.61235994796777	1	run2a intermediate v1.18.6 67129f034941b1d8ea3ed684822e04f517c6c837
3.61235994796777	1	run2a intermediate v1.18.6 833c1f4bcc6eb664320f80bf1abde4cc8177b20c
3.61235994796777	1	run2a intermediate v1.18.6 c81f8bbdffebd4886ddf70b9ca0f61a1cfa8237b
3.61235994796777	1	run2a intermediate v1.18.6 cf898ab6f8b15efc5b91ffa636579ee7c92b01bd
3.61235994796777	1	run2a intermediate v1.18.6 fb419f1a672ee5dbf4069c24a82c6168abff8046
3.61235994796777	1	run2b intermediate v1.14.8 08d0f73c2c2df7c21dd96d2c33c27373809683be
3.61235994796777	1	run2b intermediate v1.14.8 3ac805bfd2228e6547322a64e428b916c2fcbfde
3.61235994796777	1	run2b intermediate v1.14.8 8d26f4e2602f07c26d3c91753f7fa9ec840d4f8d
3.61235994796777	1	run2b intermediate v1.14.8 95d9c82d5f97de452a8b3fc0f3b2a16836eda8cc
3.61235994796777	1	run2b intermediate v1.14.8 c9fb2834a412b295ee95d08a7fab723fd88202b5
3.61235994796777	1	run2b intermediate v1.14.8 df7fa8071c6b818d24e47cc1a84a6dc0491550d6
