colour	x	y	label	key	showSelected1	showSelected2
#1B9E77	3.6007100998338	-1	HEAD	HEAD	HEAD	run1 v1.14.8 v1.18.6 1685a3b47d48f323afeae589545f7cbb7717ec28
#E6AB02	3.49890737969036	-1	Slow	Slow	Slow	run1 v1.14.8 v1.18.6 1685a3b47d48f323afeae589545f7cbb7717ec28
#A6761D	3.6956506723008	-1	Fast	Fast	Fast	run1 v1.14.8 v1.18.6 1685a3b47d48f323afeae589545f7cbb7717ec28
#1B9E77	3.68442374434004	-1	HEAD	HEAD	HEAD	run1 v1.14.8 v1.18.6 263b53e50241914a22f7ba6a139b52162c9d7927
#E6AB02	3.49735207832151	-1	Slow	Slow	Slow	run1 v1.14.8 v1.18.6 263b53e50241914a22f7ba6a139b52162c9d7927
#A6761D	3.71272389696927	-1	Fast	Fast	Fast	run1 v1.14.8 v1.18.6 263b53e50241914a22f7ba6a139b52162c9d7927
#1B9E77	3.70139307018198	-1	HEAD	HEAD	HEAD	run1 v1.14.8 v1.18.6 32e5aea1681398335f1bcedb4fe1563906701634
#E6AB02	3.49855755098798	-1	Slow	Slow	Slow	run1 v1.14.8 v1.18.6 32e5aea1681398335f1bcedb4fe1563906701634
#A6761D	3.70172913123509	-1	Fast	Fast	Fast	run1 v1.14.8 v1.18.6 32e5aea1681398335f1bcedb4fe1563906701634
#1B9E77	3.61180769723812	-1	HEAD	HEAD	HEAD	run1 v1.14.8 v1.18.6 67db7f7fb33b99da8cc5dc575714924b96d0f0fe
#E6AB02	3.49778252532998	-1	Slow	Slow	Slow	run1 v1.14.8 v1.18.6 67db7f7fb33b99da8cc5dc575714924b96d0f0fe
#A6761D	3.70059054550588	-1	Fast	Fast	Fast	run1 v1.14.8 v1.18.6 67db7f7fb33b99da8cc5dc575714924b96d0f0fe
#1B9E77	3.60283061554525	-1	HEAD	HEAD	HEAD	run1 v1.14.8 v1.18.6 681e0cb368d6be5ea5f4c77a6aaa1bb9e4cef065
#E6AB02	3.49895168582714	-1	Slow	Slow	Slow	run1 v1.14.8 v1.18.6 681e0cb368d6be5ea5f4c77a6aaa1bb9e4cef065
#A6761D	3.70804788696781	-1	Fast	Fast	Fast	run1 v1.14.8 v1.18.6 681e0cb368d6be5ea5f4c77a6aaa1bb9e4cef065
#1B9E77	3.61089619274407	-1	HEAD	HEAD	HEAD	run1 v1.14.8 v1.18.6 bc7f5aff76188a0cbc31a21a21926ab4c184cb52
#E6AB02	3.50084910939932	-1	Slow	Slow	Slow	run1 v1.14.8 v1.18.6 bc7f5aff76188a0cbc31a21a21926ab4c184cb52
#A6761D	3.69618008529627	-1	Fast	Fast	Fast	run1 v1.14.8 v1.18.6 bc7f5aff76188a0cbc31a21a21926ab4c184cb52
#1B9E77	3.66558879837912	-1	HEAD	HEAD	HEAD	run1 v1.14.8 v1.18.6 c1bcb73829afd84df619c446f95f08d9da5e56e9
#E6AB02	3.49730054546646	-1	Slow	Slow	Slow	run1 v1.14.8 v1.18.6 c1bcb73829afd84df619c446f95f08d9da5e56e9
#A6761D	3.7019490195417	-1	Fast	Fast	Fast	run1 v1.14.8 v1.18.6 c1bcb73829afd84df619c446f95f08d9da5e56e9
#1B9E77	3.61659627794108	-1	HEAD	HEAD	HEAD	run1 v1.14.8 v1.18.6 c26450af1d7b2381844d003867fd7f20a25ec8d0
#E6AB02	3.49652048242194	-1	Slow	Slow	Slow	run1 v1.14.8 v1.18.6 c26450af1d7b2381844d003867fd7f20a25ec8d0
#A6761D	3.70980765536621	-1	Fast	Fast	Fast	run1 v1.14.8 v1.18.6 c26450af1d7b2381844d003867fd7f20a25ec8d0
#1B9E77	3.67707972166437	-1	HEAD	HEAD	HEAD	run1 v1.14.8 v1.18.6 cd497408bb4dc6650d871b5076e738420ff431d7
#E6AB02	3.50217748955047	-1	Slow	Slow	Slow	run1 v1.14.8 v1.18.6 cd497408bb4dc6650d871b5076e738420ff431d7
#A6761D	3.69593224802694	-1	Fast	Fast	Fast	run1 v1.14.8 v1.18.6 cd497408bb4dc6650d871b5076e738420ff431d7
#1B9E77	3.49645204156138	-1	HEAD	HEAD	HEAD	run1 v1.14.8 v1.18.6 f1aab37322a229b611544205e7da8c17435561cf
#E6AB02	3.49853649399257	-1	Slow	Slow	Slow	run1 v1.14.8 v1.18.6 f1aab37322a229b611544205e7da8c17435561cf
#A6761D	3.70515091976068	-1	Fast	Fast	Fast	run1 v1.14.8 v1.18.6 f1aab37322a229b611544205e7da8c17435561cf
#1B9E77	3.49735788640937	-1	HEAD	HEAD	HEAD	run1 v1.14.8 v1.18.6 f6bbd5b3073526e554ad07bc9b0a346d72ad4e3a
#E6AB02	3.49790258422713	-1	Slow	Slow	Slow	run1 v1.14.8 v1.18.6 f6bbd5b3073526e554ad07bc9b0a346d72ad4e3a
#A6761D	3.70825978523319	-1	Fast	Fast	Fast	run1 v1.14.8 v1.18.6 f6bbd5b3073526e554ad07bc9b0a346d72ad4e3a
#1B9E77	3.71559820861653	-1	HEAD	HEAD	HEAD	run2a intermediate v1.18.6 22045e5ef8f46066619823d42ea83253f165ea7d
#E6AB02	3.59882488356404	-1	Slow	Slow	Slow	run2a intermediate v1.18.6 22045e5ef8f46066619823d42ea83253f165ea7d
#A6761D	3.69508061580932	-1	Fast	Fast	Fast	run2a intermediate v1.18.6 22045e5ef8f46066619823d42ea83253f165ea7d
#1B9E77	3.69029437341849	-1	HEAD	HEAD	HEAD	run2a intermediate v1.18.6 263b53e50241914a22f7ba6a139b52162c9d7927
#E6AB02	3.60775624443397	-1	Slow	Slow	Slow	run2a intermediate v1.18.6 263b53e50241914a22f7ba6a139b52162c9d7927
#A6761D	3.71007370759658	-1	Fast	Fast	Fast	run2a intermediate v1.18.6 263b53e50241914a22f7ba6a139b52162c9d7927
#1B9E77	3.71327277312805	-1	HEAD	HEAD	HEAD	run2a intermediate v1.18.6 3ad93f77a6f0b0e82cbf2b639f5d749dd06a122d
#E6AB02	3.60825926261842	-1	Slow	Slow	Slow	run2a intermediate v1.18.6 3ad93f77a6f0b0e82cbf2b639f5d749dd06a122d
#A6761D	3.70237179728561	-1	Fast	Fast	Fast	run2a intermediate v1.18.6 3ad93f77a6f0b0e82cbf2b639f5d749dd06a122d
#1B9E77	3.69374133232656	-1	HEAD	HEAD	HEAD	run2a intermediate v1.18.6 4f84d3c72a08ecdd9965b3cb8e493cabfd80492b
#E6AB02	3.61296771907907	-1	Slow	Slow	Slow	run2a intermediate v1.18.6 4f84d3c72a08ecdd9965b3cb8e493cabfd80492b
#A6761D	3.70420171984479	-1	Fast	Fast	Fast	run2a intermediate v1.18.6 4f84d3c72a08ecdd9965b3cb8e493cabfd80492b
#1B9E77	3.7020187144148	-1	HEAD	HEAD	HEAD	run2a intermediate v1.18.6 55b0de600d1770babe63d94ad3766a36bdedc443
#E6AB02	3.61122812438275	-1	Slow	Slow	Slow	run2a intermediate v1.18.6 55b0de600d1770babe63d94ad3766a36bdedc443
#A6761D	3.70817436523289	-1	Fast	Fast	Fast	run2a intermediate v1.18.6 55b0de600d1770babe63d94ad3766a36bdedc443
#1B9E77	3.61407722657695	-1	HEAD	HEAD	HEAD	run2a intermediate v1.18.6 59f966cf6839a0494e42ed1ab98616eea03dcb36
#E6AB02	3.61296915953023	-1	Slow	Slow	Slow	run2a intermediate v1.18.6 59f966cf6839a0494e42ed1ab98616eea03dcb36
#A6761D	3.7043647669573	-1	Fast	Fast	Fast	run2a intermediate v1.18.6 59f966cf6839a0494e42ed1ab98616eea03dcb36
#1B9E77	3.70181340316958	-1	HEAD	HEAD	HEAD	run2a intermediate v1.18.6 66cb6d2393cef30083b444346a7600a079207806
#E6AB02	3.59967776945446	-1	Slow	Slow	Slow	run2a intermediate v1.18.6 66cb6d2393cef30083b444346a7600a079207806
#A6761D	3.70446396055543	-1	Fast	Fast	Fast	run2a intermediate v1.18.6 66cb6d2393cef30083b444346a7600a079207806
#1B9E77	3.71262206520001	-1	HEAD	HEAD	HEAD	run2a intermediate v1.18.6 67129f034941b1d8ea3ed684822e04f517c6c837
#E6AB02	3.60853903864576	-1	Slow	Slow	Slow	run2a intermediate v1.18.6 67129f034941b1d8ea3ed684822e04f517c6c837
#A6761D	3.69930594849133	-1	Fast	Fast	Fast	run2a intermediate v1.18.6 67129f034941b1d8ea3ed684822e04f517c6c837
#1B9E77	3.70952983737873	-1	HEAD	HEAD	HEAD	run2a intermediate v1.18.6 833c1f4bcc6eb664320f80bf1abde4cc8177b20c
#E6AB02	3.60687818186322	-1	Slow	Slow	Slow	run2a intermediate v1.18.6 833c1f4bcc6eb664320f80bf1abde4cc8177b20c
#A6761D	3.69817726170306	-1	Fast	Fast	Fast	run2a intermediate v1.18.6 833c1f4bcc6eb664320f80bf1abde4cc8177b20c
#1B9E77	3.69745912640829	-1	HEAD	HEAD	HEAD	run2a intermediate v1.18.6 c81f8bbdffebd4886ddf70b9ca0f61a1cfa8237b
#E6AB02	3.61070790389999	-1	Slow	Slow	Slow	run2a intermediate v1.18.6 c81f8bbdffebd4886ddf70b9ca0f61a1cfa8237b
#A6761D	3.70485199739411	-1	Fast	Fast	Fast	run2a intermediate v1.18.6 c81f8bbdffebd4886ddf70b9ca0f61a1cfa8237b
#1B9E77	3.70817565073864	-1	HEAD	HEAD	HEAD	run2a intermediate v1.18.6 cf898ab6f8b15efc5b91ffa636579ee7c92b01bd
#E6AB02	3.60693031295079	-1	Slow	Slow	Slow	run2a intermediate v1.18.6 cf898ab6f8b15efc5b91ffa636579ee7c92b01bd
#A6761D	3.69374613711991	-1	Fast	Fast	Fast	run2a intermediate v1.18.6 cf898ab6f8b15efc5b91ffa636579ee7c92b01bd
#1B9E77	3.70777639023794	-1	HEAD	HEAD	HEAD	run2a intermediate v1.18.6 fb419f1a672ee5dbf4069c24a82c6168abff8046
#E6AB02	3.61118596844195	-1	Slow	Slow	Slow	run2a intermediate v1.18.6 fb419f1a672ee5dbf4069c24a82c6168abff8046
#A6761D	3.70926142249913	-1	Fast	Fast	Fast	run2a intermediate v1.18.6 fb419f1a672ee5dbf4069c24a82c6168abff8046
#1B9E77	3.49868576811718	-1	HEAD	HEAD	HEAD	run2b intermediate v1.14.8 08d0f73c2c2df7c21dd96d2c33c27373809683be
#E6AB02	3.49462818109532	-1	Slow	Slow	Slow	run2b intermediate v1.14.8 08d0f73c2c2df7c21dd96d2c33c27373809683be
#A6761D	3.60441734199433	-1	Fast	Fast	Fast	run2b intermediate v1.14.8 08d0f73c2c2df7c21dd96d2c33c27373809683be
#1B9E77	3.50437150425624	-1	HEAD	HEAD	HEAD	run2b intermediate v1.14.8 3ac805bfd2228e6547322a64e428b916c2fcbfde
#E6AB02	3.49976587049288	-1	Slow	Slow	Slow	run2b intermediate v1.14.8 3ac805bfd2228e6547322a64e428b916c2fcbfde
#A6761D	3.60460214076746	-1	Fast	Fast	Fast	run2b intermediate v1.14.8 3ac805bfd2228e6547322a64e428b916c2fcbfde
#1B9E77	3.50245269126028	-1	HEAD	HEAD	HEAD	run2b intermediate v1.14.8 8d26f4e2602f07c26d3c91753f7fa9ec840d4f8d
#E6AB02	3.49744404814422	-1	Slow	Slow	Slow	run2b intermediate v1.14.8 8d26f4e2602f07c26d3c91753f7fa9ec840d4f8d
#A6761D	3.60256876673001	-1	Fast	Fast	Fast	run2b intermediate v1.14.8 8d26f4e2602f07c26d3c91753f7fa9ec840d4f8d
#1B9E77	3.49711869312276	-1	HEAD	HEAD	HEAD	run2b intermediate v1.14.8 95d9c82d5f97de452a8b3fc0f3b2a16836eda8cc
#E6AB02	3.5000321084311	-1	Slow	Slow	Slow	run2b intermediate v1.14.8 95d9c82d5f97de452a8b3fc0f3b2a16836eda8cc
#A6761D	3.60361125437038	-1	Fast	Fast	Fast	run2b intermediate v1.14.8 95d9c82d5f97de452a8b3fc0f3b2a16836eda8cc
#1B9E77	3.49819363951185	-1	HEAD	HEAD	HEAD	run2b intermediate v1.14.8 c9fb2834a412b295ee95d08a7fab723fd88202b5
#E6AB02	3.50033229249833	-1	Slow	Slow	Slow	run2b intermediate v1.14.8 c9fb2834a412b295ee95d08a7fab723fd88202b5
#A6761D	3.60228180812659	-1	Fast	Fast	Fast	run2b intermediate v1.14.8 c9fb2834a412b295ee95d08a7fab723fd88202b5
#1B9E77	3.4988366053456	-1	HEAD	HEAD	HEAD	run2b intermediate v1.14.8 df7fa8071c6b818d24e47cc1a84a6dc0491550d6
#E6AB02	3.49961438570968	-1	Slow	Slow	Slow	run2b intermediate v1.14.8 df7fa8071c6b818d24e47cc1a84a6dc0491550d6
#A6761D	3.60372853735701	-1	Fast	Fast	Fast	run2b intermediate v1.14.8 df7fa8071c6b818d24e47cc1a84a6dc0491550d6
