colour	y	x	hjust	label	showSelected1	PANEL
#A6761D	5108.10463985557	28	0	Fast	Fast	1
#E6AB02	3147.0423278196	28	0	Slow	Slow	1
#1B9E77	3143.09774037704	28	0	HEAD	HEAD	1
#A6761D	5062.49686121775	16	0	Fast	Fast	2
#E6AB02	4101.74974276507	16	0	Slow	Slow	2
#1B9E77	4112.22838563114	16	0	HEAD	HEAD	2
#A6761D	4015.39743615188	22	1	Fast	Fast	3
#E6AB02	3159.47108928268	22	1	Slow	Slow	3
#1B9E77	3153.8178389499	22	1	HEAD	HEAD	3
#A6761D	0.0786554794758558	28	0	Fast	Fast	4
#E6AB02	0.129854417988099	28	0	Slow	Slow	4
#1B9E77	0.129269103577826	28	0	HEAD	HEAD	4
#A6761D	0.164459541614633	16	0	Fast	Fast	5
#E6AB02	0.206309614004567	16	0	Slow	Slow	5
#1B9E77	0.205613897589501	16	0	HEAD	HEAD	5
#A6761D	0.102030852460302	22	1	Fast	Fast	6
#E6AB02	0.128955201071221	22	1	Slow	Slow	6
#1B9E77	0.129914425546303	22	1	HEAD	HEAD	6
