group	colour	y	x	showSelected1	PANEL
1	#A6761D	4961.93044665226	21	Fast	1
1	#A6761D	5160.88161532306	1.5	Fast	1
1	#A6761D	5031.86674184178	8	Fast	1
1	#A6761D	5018.69202203592	17	Fast	1
1	#A6761D	5105.61293309435	20	Fast	1
1	#A6761D	4967.98281974847	19	Fast	1
1	#A6761D	5034.41507909729	6	Fast	1
1	#A6761D	5126.34293163052	18	Fast	1
1	#A6761D	4965.14856765136	4	Fast	1
1	#A6761D	5071.6692099618	26	Fast	1
1	#A6761D	5108.10463985557	28	Fast	1
1	#A6761D	4955.42167164231	10	Fast	2
1	#A6761D	5129.48433193159	1.5	Fast	2
1	#A6761D	5039.3183764499	14	Fast	2
1	#A6761D	5060.59660550564	5	Fast	2
1	#A6761D	5107.10004179997	13	Fast	2
1	#A6761D	5062.49686121775	16	Fast	2
1	#A6761D	5063.65327616754	9	Fast	2
1	#A6761D	5003.86919631663	15	Fast	2
1	#A6761D	4990.88153791167	11	Fast	2
1	#A6761D	5068.17961060849	3	Fast	2
1	#A6761D	4940.21826614783	12	Fast	2
1	#A6761D	5119.89933887542	7	Fast	2
1	#A6761D	4021.77103515461	25	Fast	3
1	#A6761D	4023.48272280378	29	Fast	3
1	#A6761D	4004.68874051607	27	Fast	3
1	#A6761D	4014.31320819181	23	Fast	3
1	#A6761D	4002.04353003973	24	Fast	3
1	#A6761D	4015.39743615188	22	Fast	3
1	#A6761D	0.0819046025280841	21	Fast	4
1	#A6761D	0.0775653115706518	1.5	Fast	4
1	#A6761D	0.0807702410384081	8	Fast	4
1	#A6761D	0.0807725470513105	17	Fast	4
1	#A6761D	0.0790777560905553	20	Fast	4
1	#A6761D	0.0822412964189425	19	Fast	4
1	#A6761D	0.0800466175423935	6	Fast	4
1	#A6761D	0.0784526130300947	18	Fast	4
1	#A6761D	0.082287811441347	4	Fast	4
1	#A6761D	0.0791485390509479	26	Fast	4
1	#A6761D	0.0786554794758558	28	Fast	4
1	#A6761D	0.0823401704546996	10	Fast	5
1	#A6761D	0.0785464899963699	1.5	Fast	5
1	#A6761D	0.0812784869340248	14	Fast	5
1	#A6761D	0.170522381027695	5	Fast	5
1	#A6761D	0.0792848699493334	13	Fast	5
1	#A6761D	0.164459541614633	16	Fast	5
1	#A6761D	0.0809278404340148	9	Fast	5
1	#A6761D	0.0811896905070171	15	Fast	5
1	#A6761D	0.0821432794909924	11	Fast	5
1	#A6761D	0.0791038310853764	3	Fast	5
1	#A6761D	0.0829133950755931	12	Fast	5
1	#A6761D	0.0781573285348713	7	Fast	5
1	#A6761D	0.101813685556408	25	Fast	6
1	#A6761D	0.101798627059907	29	Fast	6
1	#A6761D	0.102327680564485	27	Fast	6
1	#A6761D	0.102078574534971	23	Fast	6
1	#A6761D	0.102358292555436	24	Fast	6
1	#A6761D	0.102030852460302	22	Fast	6
3	#E6AB02	3154.33183944695	21	Slow	1
3	#E6AB02	3143.0557060742	1.5	Slow	1
3	#E6AB02	3151.79201555111	8	Slow	1
3	#E6AB02	3146.1724613422	17	Slow	1
3	#E6AB02	3154.65365653854	20	Slow	1
3	#E6AB02	3168.46642472653	19	Slow	1
3	#E6AB02	3142.68277703273	6	Slow	1
3	#E6AB02	3137.04307752464	18	Slow	1
3	#E6AB02	3178.17267611405	4	Slow	1
3	#E6AB02	3151.63920296912	26	Slow	1
3	#E6AB02	3147.0423278196	28	Slow	1
3	#E6AB02	3970.31425980963	10	Slow	2
3	#E6AB02	4052.81000371059	1.5	Slow	2
3	#E6AB02	4057.50685869873	14	Slow	2
3	#E6AB02	4101.73613826255	5	Slow	2
3	#E6AB02	4085.33922966772	13	Slow	2
3	#E6AB02	4101.74974276507	16	Slow	2
3	#E6AB02	3978.11899216906	9	Slow	2
3	#E6AB02	4060.12157964504	15	Slow	2
3	#E6AB02	4044.62425439131	11	Slow	2
3	#E6AB02	4080.44852794521	3	Slow	2
3	#E6AB02	4045.10978512069	12	Slow	2
3	#E6AB02	4084.94269467222	7	Slow	2
3	#E6AB02	3123.40413630022	25	Slow	3
3	#E6AB02	3160.57332588509	29	Slow	3
3	#E6AB02	3143.72137625381	27	Slow	3
3	#E6AB02	3162.51146357157	23	Slow	3
3	#E6AB02	3164.69814509535	24	Slow	3
3	#E6AB02	3159.47108928268	22	Slow	3
3	#E6AB02	0.130016716546379	21	Slow	4
3	#E6AB02	0.130386428907514	1.5	Slow	4
3	#E6AB02	0.129875534505118	8	Slow	4
3	#E6AB02	0.130278996075504	17	Slow	4
3	#E6AB02	0.129128060536459	20	Slow	4
3	#E6AB02	0.129114536510315	19	Slow	4
3	#E6AB02	0.130922252952587	6	Slow	4
3	#E6AB02	0.130042785545811	18	Slow	4
3	#E6AB02	0.128636240493506	4	Slow	4
3	#E6AB02	0.130602788529359	26	Slow	4
3	#E6AB02	0.129854417988099	28	Slow	4
3	#E6AB02	0.10323381156195	10	Slow	5
3	#E6AB02	0.101077786006499	1.5	Slow	5
3	#E6AB02	0.100948675593827	14	Slow	5
3	#E6AB02	0.206786564027425	5	Slow	5
3	#E6AB02	0.100255614961497	13	Slow	5
3	#E6AB02	0.206309614004567	16	Slow	5
3	#E6AB02	0.102754645515233	9	Slow	5
3	#E6AB02	0.100881469028536	15	Slow	5
3	#E6AB02	0.101277562556788	11	Slow	5
3	#E6AB02	0.100381752999965	3	Slow	5
3	#E6AB02	0.101260627503507	12	Slow	5
3	#E6AB02	0.10026907059364	7	Slow	5
3	#E6AB02	0.130588156520389	25	Slow	6
3	#E6AB02	0.129850273020566	29	Slow	6
3	#E6AB02	0.130151633580681	27	Slow	6
3	#E6AB02	0.129220253555104	23	Slow	6
3	#E6AB02	0.129154871567152	24	Slow	6
3	#E6AB02	0.128955201071221	22	Slow	6
2	#1B9E77	3987.58634218176	21	HEAD	1
2	#1B9E77	4835.3035609984	1.5	HEAD	1
2	#1B9E77	5027.97454331225	8	HEAD	1
2	#1B9E77	4090.79481896332	17	HEAD	1
2	#1B9E77	4007.10401225471	20	HEAD	1
2	#1B9E77	4082.21799438343	19	HEAD	1
2	#1B9E77	4630.08323478341	6	HEAD	1
2	#1B9E77	4136.14997729119	18	HEAD	1
2	#1B9E77	4754.22489297989	4	HEAD	1
2	#1B9E77	3136.54874701817	26	HEAD	1
2	#1B9E77	3143.09774037704	28	HEAD	1
2	#1B9E77	5195.15140103905	10	HEAD	2
2	#1B9E77	4901.10913709323	1.5	HEAD	2
2	#1B9E77	5167.40823670833	14	HEAD	2
2	#1B9E77	4940.16361061447	5	HEAD	2
2	#1B9E77	5035.22305868245	13	HEAD	2
2	#1B9E77	4112.22838563114	16	HEAD	2
2	#1B9E77	5032.84323660825	9	HEAD	2
2	#1B9E77	5159.67165268483	15	HEAD	2
2	#1B9E77	5123.06466099646	11	HEAD	2
2	#1B9E77	4982.63559727201	3	HEAD	2
2	#1B9E77	5107.11515876887	12	HEAD	2
2	#1B9E77	5102.42218559651	7	HEAD	2
2	#1B9E77	3152.72265915864	25	HEAD	3
2	#1B9E77	3194.26912895786	29	HEAD	3
2	#1B9E77	3180.1872440351	27	HEAD	3
2	#1B9E77	3141.3671153886	23	HEAD	3
2	#1B9E77	3149.15211815188	24	HEAD	3
2	#1B9E77	3153.8178389499	22	HEAD	3
2	#1B9E77	0.102737003471702	21	HEAD	4
2	#1B9E77	0.0832311940612271	1.5	HEAD	4
2	#1B9E77	0.0795458420179784	8	HEAD	4
2	#1B9E77	0.10012323607225	17	HEAD	4
2	#1B9E77	0.10225579602411	20	HEAD	4
2	#1B9E77	0.100330426939763	19	HEAD	4
2	#1B9E77	0.0878022481338121	6	HEAD	4
2	#1B9E77	0.0989423220744357	18	HEAD	4
2	#1B9E77	0.0853661000146531	4	HEAD	4
2	#1B9E77	0.129921167448629	26	HEAD	4
2	#1B9E77	0.129269103577826	28	HEAD	4
2	#1B9E77	0.0780613640672527	10	HEAD	5
2	#1B9E77	0.0818044110201299	1.5	HEAD	5
2	#1B9E77	0.0785006339428946	14	HEAD	5
2	#1B9E77	0.172929256397765	5	HEAD	5
2	#1B9E77	0.079715036554262	13	HEAD	5
2	#1B9E77	0.205613897589501	16	HEAD	5
2	#1B9E77	0.0808228795067407	9	HEAD	5
2	#1B9E77	0.0777854099287652	15	HEAD	5
2	#1B9E77	0.0787369936006144	11	HEAD	5
2	#1B9E77	0.0801255809492432	3	HEAD	5
2	#1B9E77	0.0786214350373484	12	HEAD	5
2	#1B9E77	0.0790935110417195	7	HEAD	5
2	#1B9E77	0.130407383083366	25	HEAD	6
2	#1B9E77	0.127990151988342	29	HEAD	6
2	#1B9E77	0.12861353054177	27	HEAD	6
2	#1B9E77	0.130810032424051	23	HEAD	6
2	#1B9E77	0.130004861101042	24	HEAD	6
2	#1B9E77	0.129914425546303	22	HEAD	6
