fill	xmin	xmax	key	showSelected1	PANEL
#FFFFFF	20.5	21.5	21	1	1
#BEBEBE	1	2	1.5	0	1
#BEBEBE	7.5	8.5	8	0	1
#BEBEBE	16.5	17.5	17	0	1
#FFFFFF	19.5	20.5	20	1	1
#BEBEBE	18.5	19.5	19	0	1
#BEBEBE	5.5	6.5	6	0	1
#BEBEBE	17.5	18.5	18	0	1
#BEBEBE	3.5	4.5	4	0	1
#FFFFFF	25.5	26.5	26	1	1
#FFFFFF	27.5	28.5	28	1	1
#BEBEBE	9.5	10.5	10	0	2
#BEBEBE	1	2	1.5	0	2
#BEBEBE	13.5	14.5	14	0	2
#BEBEBE	4.5	5.5	5	0	2
#BEBEBE	12.5	13.5	13	0	2
#FFFFFF	15.5	16.5	16	1	2
#BEBEBE	8.5	9.5	9	0	2
#BEBEBE	14.5	15.5	15	0	2
#BEBEBE	10.5	11.5	11	0	2
#BEBEBE	2.5	3.5	3	0	2
#BEBEBE	11.5	12.5	12	0	2
#BEBEBE	6.5	7.5	7	0	2
#FFFFFF	24.5	25.5	25	1	3
#FFFFFF	28.5	29.5	29	1	3
#FFFFFF	26.5	27.5	27	1	3
#FFFFFF	22.5	23.5	23	1	3
#FFFFFF	23.5	24.5	24	1	3
#FFFFFF	21.5	22.5	22	1	3
#FFFFFF	20.5	21.5	21	1	4
#BEBEBE	1	2	1.5	0	4
#BEBEBE	7.5	8.5	8	0	4
#BEBEBE	16.5	17.5	17	0	4
#FFFFFF	19.5	20.5	20	1	4
#BEBEBE	18.5	19.5	19	0	4
#BEBEBE	5.5	6.5	6	0	4
#BEBEBE	17.5	18.5	18	0	4
#BEBEBE	3.5	4.5	4	0	4
#FFFFFF	25.5	26.5	26	1	4
#FFFFFF	27.5	28.5	28	1	4
#BEBEBE	9.5	10.5	10	0	5
#BEBEBE	1	2	1.5	0	5
#BEBEBE	13.5	14.5	14	0	5
#BEBEBE	4.5	5.5	5	0	5
#BEBEBE	12.5	13.5	13	0	5
#FFFFFF	15.5	16.5	16	1	5
#BEBEBE	8.5	9.5	9	0	5
#BEBEBE	14.5	15.5	15	0	5
#BEBEBE	10.5	11.5	11	0	5
#BEBEBE	2.5	3.5	3	0	5
#BEBEBE	11.5	12.5	12	0	5
#BEBEBE	6.5	7.5	7	0	5
#FFFFFF	24.5	25.5	25	1	6
#FFFFFF	28.5	29.5	29	1	6
#FFFFFF	26.5	27.5	27	1	6
#FFFFFF	22.5	23.5	23	1	6
#FFFFFF	23.5	24.5	24	1	6
#FFFFFF	21.5	22.5	22	1	6
