x	y	label	href	key	showSelected1
-0.195669497181588	-3.98254865119246	1685a3b47d48f323afeae589545f7cbb7717ec28	https://github.com/Rdatatable/data.table/commit/1685a3b47d48f323afeae589545f7cbb7717ec28	1	run1 v1.14.8 v1.18.6 1685a3b47d48f323afeae589545f7cbb7717ec28
-0.195669497181588	-3.98254865119246	263b53e50241914a22f7ba6a139b52162c9d7927	https://github.com/Rdatatable/data.table/commit/263b53e50241914a22f7ba6a139b52162c9d7927	1	run1 v1.14.8 v1.18.6 263b53e50241914a22f7ba6a139b52162c9d7927
-0.195669497181588	-3.98254865119246	32e5aea1681398335f1bcedb4fe1563906701634	https://github.com/Rdatatable/data.table/commit/32e5aea1681398335f1bcedb4fe1563906701634	1	run1 v1.14.8 v1.18.6 32e5aea1681398335f1bcedb4fe1563906701634
-0.195669497181588	-3.98254865119246	67db7f7fb33b99da8cc5dc575714924b96d0f0fe	https://github.com/Rdatatable/data.table/commit/67db7f7fb33b99da8cc5dc575714924b96d0f0fe	1	run1 v1.14.8 v1.18.6 67db7f7fb33b99da8cc5dc575714924b96d0f0fe
-0.195669497181588	-3.98254865119246	681e0cb368d6be5ea5f4c77a6aaa1bb9e4cef065	https://github.com/Rdatatable/data.table/commit/681e0cb368d6be5ea5f4c77a6aaa1bb9e4cef065	1	run1 v1.14.8 v1.18.6 681e0cb368d6be5ea5f4c77a6aaa1bb9e4cef065
-0.195669497181588	-3.98254865119246	bc7f5aff76188a0cbc31a21a21926ab4c184cb52	https://github.com/Rdatatable/data.table/commit/bc7f5aff76188a0cbc31a21a21926ab4c184cb52	1	run1 v1.14.8 v1.18.6 bc7f5aff76188a0cbc31a21a21926ab4c184cb52
-0.195669497181588	-3.98254865119246	c1bcb73829afd84df619c446f95f08d9da5e56e9	https://github.com/Rdatatable/data.table/commit/c1bcb73829afd84df619c446f95f08d9da5e56e9	1	run1 v1.14.8 v1.18.6 c1bcb73829afd84df619c446f95f08d9da5e56e9
-0.195669497181588	-3.98254865119246	c26450af1d7b2381844d003867fd7f20a25ec8d0	https://github.com/Rdatatable/data.table/commit/c26450af1d7b2381844d003867fd7f20a25ec8d0	1	run1 v1.14.8 v1.18.6 c26450af1d7b2381844d003867fd7f20a25ec8d0
-0.195669497181588	-3.98254865119246	cd497408bb4dc6650d871b5076e738420ff431d7	https://github.com/Rdatatable/data.table/commit/cd497408bb4dc6650d871b5076e738420ff431d7	1	run1 v1.14.8 v1.18.6 cd497408bb4dc6650d871b5076e738420ff431d7
-0.195669497181588	-3.98254865119246	f1aab37322a229b611544205e7da8c17435561cf	https://github.com/Rdatatable/data.table/commit/f1aab37322a229b611544205e7da8c17435561cf	1	run1 v1.14.8 v1.18.6 f1aab37322a229b611544205e7da8c17435561cf
-0.195669497181588	-3.98254865119246	f6bbd5b3073526e554ad07bc9b0a346d72ad4e3a	https://github.com/Rdatatable/data.table/commit/f6bbd5b3073526e554ad07bc9b0a346d72ad4e3a	1	run1 v1.14.8 v1.18.6 f6bbd5b3073526e554ad07bc9b0a346d72ad4e3a
-0.195669497181588	-3.98254865119246	22045e5ef8f46066619823d42ea83253f165ea7d	https://github.com/Rdatatable/data.table/commit/22045e5ef8f46066619823d42ea83253f165ea7d	1	run2a intermediate v1.18.6 22045e5ef8f46066619823d42ea83253f165ea7d
-0.195669497181588	-3.98254865119246	263b53e50241914a22f7ba6a139b52162c9d7927	https://github.com/Rdatatable/data.table/commit/263b53e50241914a22f7ba6a139b52162c9d7927	1	run2a intermediate v1.18.6 263b53e50241914a22f7ba6a139b52162c9d7927
-0.195669497181588	-3.98254865119246	3ad93f77a6f0b0e82cbf2b639f5d749dd06a122d	https://github.com/Rdatatable/data.table/commit/3ad93f77a6f0b0e82cbf2b639f5d749dd06a122d	1	run2a intermediate v1.18.6 3ad93f77a6f0b0e82cbf2b639f5d749dd06a122d
-0.195669497181588	-3.98254865119246	4f84d3c72a08ecdd9965b3cb8e493cabfd80492b	https://github.com/Rdatatable/data.table/commit/4f84d3c72a08ecdd9965b3cb8e493cabfd80492b	1	run2a intermediate v1.18.6 4f84d3c72a08ecdd9965b3cb8e493cabfd80492b
-0.195669497181588	-3.98254865119246	55b0de600d1770babe63d94ad3766a36bdedc443	https://github.com/Rdatatable/data.table/commit/55b0de600d1770babe63d94ad3766a36bdedc443	1	run2a intermediate v1.18.6 55b0de600d1770babe63d94ad3766a36bdedc443
-0.195669497181588	-3.98254865119246	59f966cf6839a0494e42ed1ab98616eea03dcb36	https://github.com/Rdatatable/data.table/commit/59f966cf6839a0494e42ed1ab98616eea03dcb36	1	run2a intermediate v1.18.6 59f966cf6839a0494e42ed1ab98616eea03dcb36
-0.195669497181588	-3.98254865119246	66cb6d2393cef30083b444346a7600a079207806	https://github.com/Rdatatable/data.table/commit/66cb6d2393cef30083b444346a7600a079207806	1	run2a intermediate v1.18.6 66cb6d2393cef30083b444346a7600a079207806
-0.195669497181588	-3.98254865119246	67129f034941b1d8ea3ed684822e04f517c6c837	https://github.com/Rdatatable/data.table/commit/67129f034941b1d8ea3ed684822e04f517c6c837	1	run2a intermediate v1.18.6 67129f034941b1d8ea3ed684822e04f517c6c837
-0.195669497181588	-3.98254865119246	833c1f4bcc6eb664320f80bf1abde4cc8177b20c	https://github.com/Rdatatable/data.table/commit/833c1f4bcc6eb664320f80bf1abde4cc8177b20c	1	run2a intermediate v1.18.6 833c1f4bcc6eb664320f80bf1abde4cc8177b20c
-0.195669497181588	-3.98254865119246	c81f8bbdffebd4886ddf70b9ca0f61a1cfa8237b	https://github.com/Rdatatable/data.table/commit/c81f8bbdffebd4886ddf70b9ca0f61a1cfa8237b	1	run2a intermediate v1.18.6 c81f8bbdffebd4886ddf70b9ca0f61a1cfa8237b
-0.195669497181588	-3.98254865119246	cf898ab6f8b15efc5b91ffa636579ee7c92b01bd	https://github.com/Rdatatable/data.table/commit/cf898ab6f8b15efc5b91ffa636579ee7c92b01bd	1	run2a intermediate v1.18.6 cf898ab6f8b15efc5b91ffa636579ee7c92b01bd
-0.195669497181588	-3.98254865119246	fb419f1a672ee5dbf4069c24a82c6168abff8046	https://github.com/Rdatatable/data.table/commit/fb419f1a672ee5dbf4069c24a82c6168abff8046	1	run2a intermediate v1.18.6 fb419f1a672ee5dbf4069c24a82c6168abff8046
-0.195669497181588	-3.98254865119246	08d0f73c2c2df7c21dd96d2c33c27373809683be	https://github.com/Rdatatable/data.table/commit/08d0f73c2c2df7c21dd96d2c33c27373809683be	1	run2b intermediate v1.14.8 08d0f73c2c2df7c21dd96d2c33c27373809683be
-0.195669497181588	-3.98254865119246	3ac805bfd2228e6547322a64e428b916c2fcbfde	https://github.com/Rdatatable/data.table/commit/3ac805bfd2228e6547322a64e428b916c2fcbfde	1	run2b intermediate v1.14.8 3ac805bfd2228e6547322a64e428b916c2fcbfde
-0.195669497181588	-3.98254865119246	8d26f4e2602f07c26d3c91753f7fa9ec840d4f8d	https://github.com/Rdatatable/data.table/commit/8d26f4e2602f07c26d3c91753f7fa9ec840d4f8d	1	run2b intermediate v1.14.8 8d26f4e2602f07c26d3c91753f7fa9ec840d4f8d
-0.195669497181588	-3.98254865119246	95d9c82d5f97de452a8b3fc0f3b2a16836eda8cc	https://github.com/Rdatatable/data.table/commit/95d9c82d5f97de452a8b3fc0f3b2a16836eda8cc	1	run2b intermediate v1.14.8 95d9c82d5f97de452a8b3fc0f3b2a16836eda8cc
-0.195669497181588	-3.98254865119246	c9fb2834a412b295ee95d08a7fab723fd88202b5	https://github.com/Rdatatable/data.table/commit/c9fb2834a412b295ee95d08a7fab723fd88202b5	1	run2b intermediate v1.14.8 c9fb2834a412b295ee95d08a7fab723fd88202b5
-0.195669497181588	-3.98254865119246	df7fa8071c6b818d24e47cc1a84a6dc0491550d6	https://github.com/Rdatatable/data.table/commit/df7fa8071c6b818d24e47cc1a84a6dc0491550d6	1	run2b intermediate v1.14.8 df7fa8071c6b818d24e47cc1a84a6dc0491550d6
