xintercept	key	showSelected1	PANEL
21	1	run1 v1.14.8 v1.18.6 1685a3b47d48f323afeae589545f7cbb7717ec28	1
1.5	1	run1 v1.14.8 v1.18.6 263b53e50241914a22f7ba6a139b52162c9d7927	1
8	1	run1 v1.14.8 v1.18.6 32e5aea1681398335f1bcedb4fe1563906701634	1
17	1	run1 v1.14.8 v1.18.6 67db7f7fb33b99da8cc5dc575714924b96d0f0fe	1
20	1	run1 v1.14.8 v1.18.6 681e0cb368d6be5ea5f4c77a6aaa1bb9e4cef065	1
19	1	run1 v1.14.8 v1.18.6 bc7f5aff76188a0cbc31a21a21926ab4c184cb52	1
6	1	run1 v1.14.8 v1.18.6 c1bcb73829afd84df619c446f95f08d9da5e56e9	1
18	1	run1 v1.14.8 v1.18.6 c26450af1d7b2381844d003867fd7f20a25ec8d0	1
4	1	run1 v1.14.8 v1.18.6 cd497408bb4dc6650d871b5076e738420ff431d7	1
26	1	run1 v1.14.8 v1.18.6 f1aab37322a229b611544205e7da8c17435561cf	1
28	1	run1 v1.14.8 v1.18.6 f6bbd5b3073526e554ad07bc9b0a346d72ad4e3a	1
10	1	run2a intermediate v1.18.6 22045e5ef8f46066619823d42ea83253f165ea7d	1
1.5	1	run2a intermediate v1.18.6 263b53e50241914a22f7ba6a139b52162c9d7927	1
14	1	run2a intermediate v1.18.6 3ad93f77a6f0b0e82cbf2b639f5d749dd06a122d	1
5	1	run2a intermediate v1.18.6 4f84d3c72a08ecdd9965b3cb8e493cabfd80492b	1
13	1	run2a intermediate v1.18.6 55b0de600d1770babe63d94ad3766a36bdedc443	1
16	1	run2a intermediate v1.18.6 59f966cf6839a0494e42ed1ab98616eea03dcb36	1
9	1	run2a intermediate v1.18.6 66cb6d2393cef30083b444346a7600a079207806	1
15	1	run2a intermediate v1.18.6 67129f034941b1d8ea3ed684822e04f517c6c837	1
11	1	run2a intermediate v1.18.6 833c1f4bcc6eb664320f80bf1abde4cc8177b20c	1
3	1	run2a intermediate v1.18.6 c81f8bbdffebd4886ddf70b9ca0f61a1cfa8237b	1
12	1	run2a intermediate v1.18.6 cf898ab6f8b15efc5b91ffa636579ee7c92b01bd	1
7	1	run2a intermediate v1.18.6 fb419f1a672ee5dbf4069c24a82c6168abff8046	1
25	1	run2b intermediate v1.14.8 08d0f73c2c2df7c21dd96d2c33c27373809683be	1
29	1	run2b intermediate v1.14.8 3ac805bfd2228e6547322a64e428b916c2fcbfde	1
27	1	run2b intermediate v1.14.8 8d26f4e2602f07c26d3c91753f7fa9ec840d4f8d	1
23	1	run2b intermediate v1.14.8 95d9c82d5f97de452a8b3fc0f3b2a16836eda8cc	1
24	1	run2b intermediate v1.14.8 c9fb2834a412b295ee95d08a7fab723fd88202b5	1
22	1	run2b intermediate v1.14.8 df7fa8071c6b818d24e47cc1a84a6dc0491550d6	1
21	1	run1 v1.14.8 v1.18.6 1685a3b47d48f323afeae589545f7cbb7717ec28	2
1.5	1	run1 v1.14.8 v1.18.6 263b53e50241914a22f7ba6a139b52162c9d7927	2
8	1	run1 v1.14.8 v1.18.6 32e5aea1681398335f1bcedb4fe1563906701634	2
17	1	run1 v1.14.8 v1.18.6 67db7f7fb33b99da8cc5dc575714924b96d0f0fe	2
20	1	run1 v1.14.8 v1.18.6 681e0cb368d6be5ea5f4c77a6aaa1bb9e4cef065	2
19	1	run1 v1.14.8 v1.18.6 bc7f5aff76188a0cbc31a21a21926ab4c184cb52	2
6	1	run1 v1.14.8 v1.18.6 c1bcb73829afd84df619c446f95f08d9da5e56e9	2
18	1	run1 v1.14.8 v1.18.6 c26450af1d7b2381844d003867fd7f20a25ec8d0	2
4	1	run1 v1.14.8 v1.18.6 cd497408bb4dc6650d871b5076e738420ff431d7	2
26	1	run1 v1.14.8 v1.18.6 f1aab37322a229b611544205e7da8c17435561cf	2
28	1	run1 v1.14.8 v1.18.6 f6bbd5b3073526e554ad07bc9b0a346d72ad4e3a	2
10	1	run2a intermediate v1.18.6 22045e5ef8f46066619823d42ea83253f165ea7d	2
1.5	1	run2a intermediate v1.18.6 263b53e50241914a22f7ba6a139b52162c9d7927	2
14	1	run2a intermediate v1.18.6 3ad93f77a6f0b0e82cbf2b639f5d749dd06a122d	2
5	1	run2a intermediate v1.18.6 4f84d3c72a08ecdd9965b3cb8e493cabfd80492b	2
13	1	run2a intermediate v1.18.6 55b0de600d1770babe63d94ad3766a36bdedc443	2
16	1	run2a intermediate v1.18.6 59f966cf6839a0494e42ed1ab98616eea03dcb36	2
9	1	run2a intermediate v1.18.6 66cb6d2393cef30083b444346a7600a079207806	2
15	1	run2a intermediate v1.18.6 67129f034941b1d8ea3ed684822e04f517c6c837	2
11	1	run2a intermediate v1.18.6 833c1f4bcc6eb664320f80bf1abde4cc8177b20c	2
3	1	run2a intermediate v1.18.6 c81f8bbdffebd4886ddf70b9ca0f61a1cfa8237b	2
12	1	run2a intermediate v1.18.6 cf898ab6f8b15efc5b91ffa636579ee7c92b01bd	2
7	1	run2a intermediate v1.18.6 fb419f1a672ee5dbf4069c24a82c6168abff8046	2
25	1	run2b intermediate v1.14.8 08d0f73c2c2df7c21dd96d2c33c27373809683be	2
29	1	run2b intermediate v1.14.8 3ac805bfd2228e6547322a64e428b916c2fcbfde	2
27	1	run2b intermediate v1.14.8 8d26f4e2602f07c26d3c91753f7fa9ec840d4f8d	2
23	1	run2b intermediate v1.14.8 95d9c82d5f97de452a8b3fc0f3b2a16836eda8cc	2
24	1	run2b intermediate v1.14.8 c9fb2834a412b295ee95d08a7fab723fd88202b5	2
22	1	run2b intermediate v1.14.8 df7fa8071c6b818d24e47cc1a84a6dc0491550d6	2
21	1	run1 v1.14.8 v1.18.6 1685a3b47d48f323afeae589545f7cbb7717ec28	3
1.5	1	run1 v1.14.8 v1.18.6 263b53e50241914a22f7ba6a139b52162c9d7927	3
8	1	run1 v1.14.8 v1.18.6 32e5aea1681398335f1bcedb4fe1563906701634	3
17	1	run1 v1.14.8 v1.18.6 67db7f7fb33b99da8cc5dc575714924b96d0f0fe	3
20	1	run1 v1.14.8 v1.18.6 681e0cb368d6be5ea5f4c77a6aaa1bb9e4cef065	3
19	1	run1 v1.14.8 v1.18.6 bc7f5aff76188a0cbc31a21a21926ab4c184cb52	3
6	1	run1 v1.14.8 v1.18.6 c1bcb73829afd84df619c446f95f08d9da5e56e9	3
18	1	run1 v1.14.8 v1.18.6 c26450af1d7b2381844d003867fd7f20a25ec8d0	3
4	1	run1 v1.14.8 v1.18.6 cd497408bb4dc6650d871b5076e738420ff431d7	3
26	1	run1 v1.14.8 v1.18.6 f1aab37322a229b611544205e7da8c17435561cf	3
28	1	run1 v1.14.8 v1.18.6 f6bbd5b3073526e554ad07bc9b0a346d72ad4e3a	3
10	1	run2a intermediate v1.18.6 22045e5ef8f46066619823d42ea83253f165ea7d	3
1.5	1	run2a intermediate v1.18.6 263b53e50241914a22f7ba6a139b52162c9d7927	3
14	1	run2a intermediate v1.18.6 3ad93f77a6f0b0e82cbf2b639f5d749dd06a122d	3
5	1	run2a intermediate v1.18.6 4f84d3c72a08ecdd9965b3cb8e493cabfd80492b	3
13	1	run2a intermediate v1.18.6 55b0de600d1770babe63d94ad3766a36bdedc443	3
16	1	run2a intermediate v1.18.6 59f966cf6839a0494e42ed1ab98616eea03dcb36	3
9	1	run2a intermediate v1.18.6 66cb6d2393cef30083b444346a7600a079207806	3
15	1	run2a intermediate v1.18.6 67129f034941b1d8ea3ed684822e04f517c6c837	3
11	1	run2a intermediate v1.18.6 833c1f4bcc6eb664320f80bf1abde4cc8177b20c	3
3	1	run2a intermediate v1.18.6 c81f8bbdffebd4886ddf70b9ca0f61a1cfa8237b	3
12	1	run2a intermediate v1.18.6 cf898ab6f8b15efc5b91ffa636579ee7c92b01bd	3
7	1	run2a intermediate v1.18.6 fb419f1a672ee5dbf4069c24a82c6168abff8046	3
25	1	run2b intermediate v1.14.8 08d0f73c2c2df7c21dd96d2c33c27373809683be	3
29	1	run2b intermediate v1.14.8 3ac805bfd2228e6547322a64e428b916c2fcbfde	3
27	1	run2b intermediate v1.14.8 8d26f4e2602f07c26d3c91753f7fa9ec840d4f8d	3
23	1	run2b intermediate v1.14.8 95d9c82d5f97de452a8b3fc0f3b2a16836eda8cc	3
24	1	run2b intermediate v1.14.8 c9fb2834a412b295ee95d08a7fab723fd88202b5	3
22	1	run2b intermediate v1.14.8 df7fa8071c6b818d24e47cc1a84a6dc0491550d6	3
21	1	run1 v1.14.8 v1.18.6 1685a3b47d48f323afeae589545f7cbb7717ec28	4
1.5	1	run1 v1.14.8 v1.18.6 263b53e50241914a22f7ba6a139b52162c9d7927	4
8	1	run1 v1.14.8 v1.18.6 32e5aea1681398335f1bcedb4fe1563906701634	4
17	1	run1 v1.14.8 v1.18.6 67db7f7fb33b99da8cc5dc575714924b96d0f0fe	4
20	1	run1 v1.14.8 v1.18.6 681e0cb368d6be5ea5f4c77a6aaa1bb9e4cef065	4
19	1	run1 v1.14.8 v1.18.6 bc7f5aff76188a0cbc31a21a21926ab4c184cb52	4
6	1	run1 v1.14.8 v1.18.6 c1bcb73829afd84df619c446f95f08d9da5e56e9	4
18	1	run1 v1.14.8 v1.18.6 c26450af1d7b2381844d003867fd7f20a25ec8d0	4
4	1	run1 v1.14.8 v1.18.6 cd497408bb4dc6650d871b5076e738420ff431d7	4
26	1	run1 v1.14.8 v1.18.6 f1aab37322a229b611544205e7da8c17435561cf	4
28	1	run1 v1.14.8 v1.18.6 f6bbd5b3073526e554ad07bc9b0a346d72ad4e3a	4
10	1	run2a intermediate v1.18.6 22045e5ef8f46066619823d42ea83253f165ea7d	4
1.5	1	run2a intermediate v1.18.6 263b53e50241914a22f7ba6a139b52162c9d7927	4
14	1	run2a intermediate v1.18.6 3ad93f77a6f0b0e82cbf2b639f5d749dd06a122d	4
5	1	run2a intermediate v1.18.6 4f84d3c72a08ecdd9965b3cb8e493cabfd80492b	4
13	1	run2a intermediate v1.18.6 55b0de600d1770babe63d94ad3766a36bdedc443	4
16	1	run2a intermediate v1.18.6 59f966cf6839a0494e42ed1ab98616eea03dcb36	4
9	1	run2a intermediate v1.18.6 66cb6d2393cef30083b444346a7600a079207806	4
15	1	run2a intermediate v1.18.6 67129f034941b1d8ea3ed684822e04f517c6c837	4
11	1	run2a intermediate v1.18.6 833c1f4bcc6eb664320f80bf1abde4cc8177b20c	4
3	1	run2a intermediate v1.18.6 c81f8bbdffebd4886ddf70b9ca0f61a1cfa8237b	4
12	1	run2a intermediate v1.18.6 cf898ab6f8b15efc5b91ffa636579ee7c92b01bd	4
7	1	run2a intermediate v1.18.6 fb419f1a672ee5dbf4069c24a82c6168abff8046	4
25	1	run2b intermediate v1.14.8 08d0f73c2c2df7c21dd96d2c33c27373809683be	4
29	1	run2b intermediate v1.14.8 3ac805bfd2228e6547322a64e428b916c2fcbfde	4
27	1	run2b intermediate v1.14.8 8d26f4e2602f07c26d3c91753f7fa9ec840d4f8d	4
23	1	run2b intermediate v1.14.8 95d9c82d5f97de452a8b3fc0f3b2a16836eda8cc	4
24	1	run2b intermediate v1.14.8 c9fb2834a412b295ee95d08a7fab723fd88202b5	4
22	1	run2b intermediate v1.14.8 df7fa8071c6b818d24e47cc1a84a6dc0491550d6	4
21	1	run1 v1.14.8 v1.18.6 1685a3b47d48f323afeae589545f7cbb7717ec28	5
1.5	1	run1 v1.14.8 v1.18.6 263b53e50241914a22f7ba6a139b52162c9d7927	5
8	1	run1 v1.14.8 v1.18.6 32e5aea1681398335f1bcedb4fe1563906701634	5
17	1	run1 v1.14.8 v1.18.6 67db7f7fb33b99da8cc5dc575714924b96d0f0fe	5
20	1	run1 v1.14.8 v1.18.6 681e0cb368d6be5ea5f4c77a6aaa1bb9e4cef065	5
19	1	run1 v1.14.8 v1.18.6 bc7f5aff76188a0cbc31a21a21926ab4c184cb52	5
6	1	run1 v1.14.8 v1.18.6 c1bcb73829afd84df619c446f95f08d9da5e56e9	5
18	1	run1 v1.14.8 v1.18.6 c26450af1d7b2381844d003867fd7f20a25ec8d0	5
4	1	run1 v1.14.8 v1.18.6 cd497408bb4dc6650d871b5076e738420ff431d7	5
26	1	run1 v1.14.8 v1.18.6 f1aab37322a229b611544205e7da8c17435561cf	5
28	1	run1 v1.14.8 v1.18.6 f6bbd5b3073526e554ad07bc9b0a346d72ad4e3a	5
10	1	run2a intermediate v1.18.6 22045e5ef8f46066619823d42ea83253f165ea7d	5
1.5	1	run2a intermediate v1.18.6 263b53e50241914a22f7ba6a139b52162c9d7927	5
14	1	run2a intermediate v1.18.6 3ad93f77a6f0b0e82cbf2b639f5d749dd06a122d	5
5	1	run2a intermediate v1.18.6 4f84d3c72a08ecdd9965b3cb8e493cabfd80492b	5
13	1	run2a intermediate v1.18.6 55b0de600d1770babe63d94ad3766a36bdedc443	5
16	1	run2a intermediate v1.18.6 59f966cf6839a0494e42ed1ab98616eea03dcb36	5
9	1	run2a intermediate v1.18.6 66cb6d2393cef30083b444346a7600a079207806	5
15	1	run2a intermediate v1.18.6 67129f034941b1d8ea3ed684822e04f517c6c837	5
11	1	run2a intermediate v1.18.6 833c1f4bcc6eb664320f80bf1abde4cc8177b20c	5
3	1	run2a intermediate v1.18.6 c81f8bbdffebd4886ddf70b9ca0f61a1cfa8237b	5
12	1	run2a intermediate v1.18.6 cf898ab6f8b15efc5b91ffa636579ee7c92b01bd	5
7	1	run2a intermediate v1.18.6 fb419f1a672ee5dbf4069c24a82c6168abff8046	5
25	1	run2b intermediate v1.14.8 08d0f73c2c2df7c21dd96d2c33c27373809683be	5
29	1	run2b intermediate v1.14.8 3ac805bfd2228e6547322a64e428b916c2fcbfde	5
27	1	run2b intermediate v1.14.8 8d26f4e2602f07c26d3c91753f7fa9ec840d4f8d	5
23	1	run2b intermediate v1.14.8 95d9c82d5f97de452a8b3fc0f3b2a16836eda8cc	5
24	1	run2b intermediate v1.14.8 c9fb2834a412b295ee95d08a7fab723fd88202b5	5
22	1	run2b intermediate v1.14.8 df7fa8071c6b818d24e47cc1a84a6dc0491550d6	5
21	1	run1 v1.14.8 v1.18.6 1685a3b47d48f323afeae589545f7cbb7717ec28	6
1.5	1	run1 v1.14.8 v1.18.6 263b53e50241914a22f7ba6a139b52162c9d7927	6
8	1	run1 v1.14.8 v1.18.6 32e5aea1681398335f1bcedb4fe1563906701634	6
17	1	run1 v1.14.8 v1.18.6 67db7f7fb33b99da8cc5dc575714924b96d0f0fe	6
20	1	run1 v1.14.8 v1.18.6 681e0cb368d6be5ea5f4c77a6aaa1bb9e4cef065	6
19	1	run1 v1.14.8 v1.18.6 bc7f5aff76188a0cbc31a21a21926ab4c184cb52	6
6	1	run1 v1.14.8 v1.18.6 c1bcb73829afd84df619c446f95f08d9da5e56e9	6
18	1	run1 v1.14.8 v1.18.6 c26450af1d7b2381844d003867fd7f20a25ec8d0	6
4	1	run1 v1.14.8 v1.18.6 cd497408bb4dc6650d871b5076e738420ff431d7	6
26	1	run1 v1.14.8 v1.18.6 f1aab37322a229b611544205e7da8c17435561cf	6
28	1	run1 v1.14.8 v1.18.6 f6bbd5b3073526e554ad07bc9b0a346d72ad4e3a	6
10	1	run2a intermediate v1.18.6 22045e5ef8f46066619823d42ea83253f165ea7d	6
1.5	1	run2a intermediate v1.18.6 263b53e50241914a22f7ba6a139b52162c9d7927	6
14	1	run2a intermediate v1.18.6 3ad93f77a6f0b0e82cbf2b639f5d749dd06a122d	6
5	1	run2a intermediate v1.18.6 4f84d3c72a08ecdd9965b3cb8e493cabfd80492b	6
13	1	run2a intermediate v1.18.6 55b0de600d1770babe63d94ad3766a36bdedc443	6
16	1	run2a intermediate v1.18.6 59f966cf6839a0494e42ed1ab98616eea03dcb36	6
9	1	run2a intermediate v1.18.6 66cb6d2393cef30083b444346a7600a079207806	6
15	1	run2a intermediate v1.18.6 67129f034941b1d8ea3ed684822e04f517c6c837	6
11	1	run2a intermediate v1.18.6 833c1f4bcc6eb664320f80bf1abde4cc8177b20c	6
3	1	run2a intermediate v1.18.6 c81f8bbdffebd4886ddf70b9ca0f61a1cfa8237b	6
12	1	run2a intermediate v1.18.6 cf898ab6f8b15efc5b91ffa636579ee7c92b01bd	6
7	1	run2a intermediate v1.18.6 fb419f1a672ee5dbf4069c24a82c6168abff8046	6
25	1	run2b intermediate v1.14.8 08d0f73c2c2df7c21dd96d2c33c27373809683be	6
29	1	run2b intermediate v1.14.8 3ac805bfd2228e6547322a64e428b916c2fcbfde	6
27	1	run2b intermediate v1.14.8 8d26f4e2602f07c26d3c91753f7fa9ec840d4f8d	6
23	1	run2b intermediate v1.14.8 95d9c82d5f97de452a8b3fc0f3b2a16836eda8cc	6
24	1	run2b intermediate v1.14.8 c9fb2834a412b295ee95d08a7fab723fd88202b5	6
22	1	run2b intermediate v1.14.8 df7fa8071c6b818d24e47cc1a84a6dc0491550d6	6
