group	x	ymin	ymax
1	0	-3.03607106169507	-2.55112061374826
1	0.301029995663981	-3.23706637212064	-3.04586846008635
1	0.602059991327962	-3.20726941087217	-2.91204438601083
1	0.903089986991944	-3.16628312042679	-2.68335834614563
1	1.20411998265592	-3.06173251315551	-2.71229543954319
1	1.50514997831991	-2.94499798070449	-2.73460922818998
1	1.80617997398389	-2.75052034063164	-2.45935411835981
1	2.10720996964787	-2.52640471072169	-2.43958721518059
1	2.40823996531185	-2.25040303428702	-2.19492494450209
1	2.70926996097583	-1.9817477961896	-1.60290121735246
1	3.01029995663981	-1.70362880475	-1.57635433241012
1	3.31132995230379	-1.40757241225721	-1.31471494876882
1	3.61235994796777	-1.11377358633109	-1.05712274940718
1	3.91338994363176	-0.786475448358761	-0.758666639906303
2	0	-3.28216563468762	-2.55770607457244
2	0.301029995663981	-3.27587157015235	-3.14340944485773
2	0.602059991327962	-3.21137633353685	-3.06766931181793
2	0.903089986991944	-3.14902498257036	-2.82634730118264
2	1.20411998265592	-3.06824569592432	-2.08499442805131
2	1.50514997831991	-2.91990370379716	-2.70198532302876
2	1.80617997398389	-2.7564651307058	-2.58983287342027
2	2.10720996964787	-2.50204929858083	-2.28123830657292
2	2.40823996531185	-2.24540851274136	-2.15194636424042
2	2.70926996097583	-1.96657145830178	-1.91993174346698
2	3.01029995663981	-1.68036660750401	-1.5338542934873
2	3.31132995230379	-1.39286251300613	-1.29481750901181
2	3.61235994796777	-1.09423187787924	-1.03605245710446
2	3.91338994363176	-0.757910420670539	-0.690597773257948
3	0	-3.75392020845062	-3.38203778278658
3	0.301029995663981	-3.68813802900041	-3.46375097114825
3	0.602059991327962	-3.53329251154786	-3.36073359839229
3	0.903089986991944	-3.37732909037323	-2.1413411341515
3	1.20411998265592	-3.18457366168754	-3.05404171526476
3	1.50514997831991	-2.92409040770321	-2.09170578595816
3	1.80617997398389	-2.66505654542845	-2.61967478525966
3	2.10720996964787	-2.38115916963358	-2.34961689025482
3	2.40823996531185	-2.08532624451211	-1.99317849053451
3	2.70926996097583	-1.79148184270296	-1.77315950545978
3	3.01029995663981	-1.49816441530738	-1.39528186317248
3	3.31132995230379	-1.19041100330802	-0.852172474919765
3	3.61235994796777	-0.891869864066944	-0.819646100019678
